Samples,Class,Protein,Trimethylamine (TMA),Ethanolamine,Aminoacetone,1-Methylguanidine,Glycine,Trimethylamine-N-Oxide (TMAO),Putrescine,betaAlanine,Alanine,Sarcosine,Betaine Aldehyde,Cadaverine,3-Aminoisobutyrate,Choline,Dimethylglycine,L-2-Aminobutyric Acid,2-Aminoisobutyric Acid,Serine,Hypotaurine,Cytosine,Histamine,Creatinine,"5,6-Dihydrouracil",Proline,5-Aminovaleric Acid,Betaine,Valine,Indole,Threonine,Cysteine,Niacinamide,Taurine,1-Methylhistamine,Imidazoleacetic Acid,"5,6-Dihydrothymine",Pyroglutamic Acid,Pipecolate,Agmatine,N-Acetylputrescine,Creatine,Hydroxyproline,Aminolevulinate,Leucine _D-Norleucine,iso-Leucine _allo-isoLeucine,Ornithine,Asparagine,Aspartic Acid,Homocysteine,S-Methylcysteine,1-Methylnicotinamide,Tyramine,4-Aminobenzoic Acid,Trigonelline,1-Methylimidazole Acetate,Imidazole Propionate,Spermidine,4-Guanidinobutanoate,Acetylcholine,Glutamine,Lysine,Deoxycarnitine,Glutamic acid,Methionine,Guanine,Cystamine,Histidine,Serotonin,Tryptamine,Carnitine,Phenylalanine,Methionine Sulfoxide,7-Methylguanine,Normetanephrine,Taurocyamine,Pyridoxamine,1_3-Methylhistidine,Norepinephrine,n-Glycylproline,Arginine,N-Acetylornithine,Cotinine,Cysteinyl-Glycine (Cys-Gly),Gluconolactone,Glucosamine,Theobromine,"1,7-Dimethylxanthine",Tyrosine,Epinephrine,Se-Methylselenocysteine,Phosphorylcholine,N6-Acetyl-Lysine,Homoarginine,N6-Trimethyllysine,Homocitrulline,Caffeine,Salicylurate,DL DOPA,Selenomethionine,Dimethylarginine (A_SDMA),Spermine,3-Indolebutyric Acid,Acetylcarnitine,Tryptophan,L-Kynurenine,Phosphocreatine,N-Ac-Arginine,Carnosine,2'-Deoxycytidine,2'-Deoxyuridine,Biopterin,Anserine,Cystine,Cytidine,Uridine,isoValerylcarnitine,Neopterin,Glycerophosphocholine,5-Methylcytidine,Phosphotyrosine,Succinylcarnitine,Thiamine,"2,3-Diphosphoglyceric Acid",Deoxyguanosine,Adenosine,Inosine,Glutarylcarnitine,1-Methyladenosine,6-Methyladenosine,Guanosine,Retinal,Retinol,Argininosuccinate,5'-Methylthioadenosine,"N2,N2-Dimethylguanosine",UMP,cAMP,GMP,Riboflavin,SAH,Cholecalciferol,Ergocalciferol,S-Adenosylmethionine (SAM),CDP,Thiamine pyrophosphate,Folic Acid,Vitamin K1,Biliverdin,NAD,Methylcobalamin,Cyanocobalamin (Vitamin B12),NADPH,Thyroxine,FAD,Adenosylcobalamin,Ubiquinol,Malondialdehyde,Glycolic acid,Pyruvate,Lactate,Glyceraldehyde,3-Hydroxypropionic Acid,isoValeric Acid _3-Oxobutanoate_4-Oxobutanoate,2-Oxobutyrate,gamma-Aminobutyrate,Malonic Acid,3HBA,2-Hydroxyisobutyrate_2-Hydroxybutyrate,Glycerate,Uracil,Fumaric Acid,Maleic Acid,N-AcetylGlycine,Guanidinoacetate,2-Hydroxyisovaleric Acid,Succinate,Methylmalonate,3-Hydroxyisovaleric Acid,Erythrose,Threitol,Nicotinic Acid,Picolinic Acid,Thymine,Citraconic Acid,2-oxo-Isocaproic Acid,Itaconic Acid,N-Ac-Alanine,MethylSuccinate,D-Leucic Acid,Glutaric Acid,Oxalacetate,Ethylmalonic acid,N-Carbamoyl-B-Alanine,Malate,Adenine,Allopurinol,Hypoxanthine,Phenylacetic Acid,Erythronic_Threonic Acid,Anthranilic Acid,4-Hydroxybenzoic Acid,Acetylphosphate,o-Phosphoethanolamine,n-isoButyrylglycine,Adipic Acid _ 3-Methylglutaric Acid,Alpha-Ketoglutaric Acid,2-Methylglutaric Acid,Mevalonate,2-Hydroxyglutarate,Citramalic Acid,L-Tartaric Acid,Xylose,alpha-Ketophenylacetic Acid,Hydrocinnamic Acid,Oxypurinol,Xanthine,2-Hydroxyphenylacetate,L-Mandelic Acid,Arabitol_Xylitol,3_4-Hydroxyphenylacetic Acid,3-Hydroxyanthranilic Acid,Dopamine,3-Sulfinoanaline,"2,3-Dihydroxybenzoic Acid",Gentisate,Orotate,Allantoin,n-isoValerylglycine,2-Aminoadipate,Indole-3-Carboxylic Acid,Indole-2-Carboxylic Acid,3-Methyl-3-Hydroxyglutaric Acid,PPA,3-Hydroxycinnaminic Acid,p-Coumaric Acid,Xylonate,Phenyllactic Acid,3-(4-Hydroxyphenyl)Propionate,Quinolinic Acid,PEP,Homogentisate,Urate,DHAP_D-GA3P,Glycerol-3-P,trans-Aconitate,Shikimic Acid,cis-Aconitate,Suberic Acid,Indole-3-Acetic Acid,Citrulline,N-Acetyl-Aspartate (NAA),Ascorbic Acid (Vit. C),2-isoPropylmalic Acid,3-isoPropylmalic Acid,n-Formylmethionine,Hippuric Acid,Inositol,Glucose,Mannose,Fructose,OH-Phenylpyruvate,Theophylline,Sorbitol,Homovanilate,Mannitol,4-Pyridoxic Acid,Phosphoserine,2_3-Phosphoglyceric Acid,Azelaic Acid,N-Ac-L-Glutamine,Kynurenic Acid,N-Ac-Glutamate,Indole-3-Propionate,5-Hydroxyl-Indole-3-Acetic Acid,N-Ac-Methionine,Citric Acid,Glucoronate,4-Hydroxy-3-Nitrophenylacetate,Vanilmandelic Acid,Erythrose-4-Phosphate,Cysteine-S-Sulfate,IndolePyruvate,Xanthurenic Acid,Indole-3-Lactate,N-Ac-Phenylalanine,3-Indoxyl Sulfate,Pentothenate,Cystathionine,N-Ac-Tyrosine,Myristic Acid,Ribose-5-P,Ribulose 5-Phosphate,Melatonin,Tetrahydrobiopterin,Thymidine,Pseudouridine,Biotin,N-Ac-Tryptophan,Pyridoxal-5-P,Palmitic Acid,5-Methyluridine,5-Hydroxymethyl-2'-Deoxyuridine,Glucosamine-6-Phosphate,G6P,G1P_F1P_F6P,Phenylacetylglutamine,MOPEG Sulfate,Margaric Acid,6-Phosphogluconic Acid,Linolenic Acid,Linoleic Acid,Xanthosine,Sedoheptulose 7-Phosphate,Retinoic Acid,N-Acetyl-Aspartyl-Glutamate (NAAG),Arachidonate,DCMP,Reduced Glutathione,DUMP,N-Acetylneuraminate,Geranyl Pyrophosphate,DTMP,CMP,F16BP_F26BP_G16BP,Lactose_Trehalose,Sucrose,cGMP,Gibberellin,AMP,IMP,PGE,Cortisol,DCDP,PRPP,Deoxycholic Acid,Chenodeoxycholate,UDP,beta-Muricholic Acid,Cholic Acid,gamma-Tocopherol,ADP,alpha-Tocopherol,GDP,Glycochenodeoxycholate,Adenylosuccinate,Glycocholate,Cholesteryl Sulfate,dCTP,DUTP,TTP,CTP,DATP,ATP,Phosphoadenosine Phosphosulfate,Tauro-alpha_beta-Muricholic Acid,Taurocholate,GTP,UDP-Glucose,UDP-GlcNAc,Oxidized Glutathione,NADH,NADP
Kegg,Class,Protein,NA,C00189,C01888,C02294,C00037,NA,C00134,NA,C00041,C00213,C00576,C01672,C05145,C00114,C01026,C02356,C03665,C00716,C00519,C00380,C00388,C00791,C00429,C00148,C00431,C00719,C00183,C00463,C00188,C00097,C00153,C00245,C05127,C02835,C00906,C01879,C00408,C00179,C02714,C00300,C01157,C00430,NA,NA,C00077,C00152,C00049,C00155,C22040,C02918,C00483,C00568,C01004,NA,C20522,C00315,C01035,C01996,C00064,C00047,C01181,C00025,C00073,C00242,NA,C00135,C00780,C00398,C00318,C00079,C02989,C02242,C05589,C01959,C00534,NA,C00547,NA,C00062,C00437,NA,NA,C00198,C00329,C07480,C13747,C00082,C00788,C05689,C00588,NA,C01924,NA,C02427,C07481,C07588,NA,C05335,NA,C00750,C11284,C02571,C00078,C00328,C02305,NA,C00386,C00881,C00526,C06313,C01262,C00491,C00475,C00299,NA,C05926,C00670,NA,C06501,NA,C00378,C01159,C00330,C00212,C00294,NA,C02494,NA,C00387,C00376,C00473,C03406,C00170,NA,C00105,C00575,C00144,C00255,C00021,C05443,C05441,NA,C00112,C00068,C00504,C05850,C00500,C00003,C06453,NA,C00005,C01829,C00016,C00194,C00390,C19440,C03547,C00022,C00186,C02154,C01013,NA,C00109,C00334,C04025,NA,NA,C00258,C00106,C00122,C01384,NA,C00581,NA,C00042,C02170,C20827,C01796,C16884,C00253,C10164,C00178,C02226,NA,C00490,NA,C08645,C03264,C00489,C00036,NA,C02642,C00149,C00147,NA,C00262,C07086,NA,C00108,C00156,C00227,C00346,NA,NA,C00026,NA,C00418,C02630,C00815,C00118,C00181,C02137,C05629,C07599,C00385,C05852,C01984,NA,NA,C00632,C03758,NA,C00196,C00628,C00295,C01551,NA,C00956,C19837,NA,C03761,C05682,NA,C00811,NA,C01479,C01744,C03722,C00074,C00544,C00366,NA,NA,C02341,C00493,C00417,C08278,C00954,C00327,NA,NA,C02504,C04411,NA,C01586,C00137,C00221,C00936,C02336,NA,C07130,C00794,C05582,C00392,C00847,C01005,NA,C08261,NA,C01717,NA,NA,NA,NA,C00158,NA,NA,C05584,C00279,C05824,C00331,C02470,C02043,NA,NA,NA,C02291,NA,C06424,C00117,NA,C01598,C00272,C00214,C02067,C00120,NA,NA,C00249,NA,NA,C00352,NA,NA,C04148,NA,NA,C00345,C06427,C01595,C01762,C05382,C00777,NA,C00219,C00239,NA,C00365,C00270,C05847,C00364,C00055,NA,NA,C00089,C00942,C01699,C00020,C00130,NA,C00735,C00705,C00119,C04483,C02528,C00015,C17727,C00695,C02483,C00008,C02477,C00035,C05466,C03794,C01921,C18043,C00458,C00460,C00459,C00063,C00131,C00002,C00053,NA,C05122,C00044,C00029,C00043,C00127,C00004,C00006
0mM LG-1,0,42.3,1,18857.39467,1,1,246176.1032,1,1,128474.119,638748.1452,1,1,1723730.258,1,31766616.11,1,1,139330.8583,2051441.058,378279.6109,1,1,206915.9445,1,322427.0354,78576.2415,95363295.8,1276721.542,2039.914361,4455833.944,1,743892.856,1462306.033,1,1,1,632744.1938,1,1,1,9997211.392,361647.476,260596.7056,12403427.26,5469118.579,315534.6746,215235.3797,3481577.65,1,1,1,1,1,1,1,1,1,2082824.096,2923428.69,45492914.33,6019687.186,106924.2647,30056435.71,602970.4279,205620.5368,1,17061304.68,1,1,2353019.294,19719743.49,185798.6759,1,1,1,1,763923.4515,1,1,12383355.68,1,5237.56523,1,5728.874051,1,1,1,3251589.892,1,1,1,1,80363.93659,153526.4684,1,12131.19473,1,1,1,937417.588,1,1,22465211.64,2070699.6,9410.07376,324110.9842,1,1,1,1,1,1,1,1,114535.3623,967937.6339,1,135396763.7,1,1,1,14716123.41,1,1,935841.4465,906525.2705,1,57064.42228,1,11363.83842,41687.40524,553440.0427,57745.86922,1446022.172,7892.60025,2241913.837,1,9514859.77,35251.70423,90940.74334,110075.2761,1,15308070.01,522286.4932,1,1,1,1,8692421.911,1,1,1,1,1,1,40768.63237,17076.73466,1,1,320952.203,1,1,1,1,88923.04354,1,75004.71835,1,1,1,47135.01604,122722.5255,16529.5954,1,1,4002813.842,1,118522.0188,1,1,1,1,1,112397.7524,1,1,147668.7498,1,66171.78691,43607.26202,627652.4052,55434.43651,1,675848.2695,1,1,1294862.498,10952564.83,1333601.49,1,66279.00193,17336.70224,8307806.529,1,1,1,1,1,245293.3031,1,1,1,1,1,1,28600.23162,104487.9026,1,17726.77278,1,1,1,1,1,1,1,118226.0757,1,21748.983,1,1,1,1,1,1,1,1,1,1,3452870.869,1,61861.17359,1,340589.7918,1,1,1,285303.5194,1,171400.8743,1540932.347,1,1,1,1,1,3107369.657,11222.427,13512.48072,16419.5741,1,1,1,1,1,1,1,247501.7138,583501.8201,12532.66538,1,103945.3818,1,1,1,1,107668.0724,1,1,1,1,1,1,1,1,1,6597122.604,534450.1012,1,15362.1239,697230.8152,529727.2712,1,1,1,26098.14377,69870.37537,1,1,349756.7388,1,1,1,78169.36586,150871.7972,1,1,99534.63653,1,1,32500.21294,1,361856.2611,1,2785212.846,1538707.762,190187.1568,27406523.68,1,6434.161353,1,42757.39598,341693.7458,1,28635.03139,155086.0675,1,1,15185466.68,2461624.523,1,1,1,1,1,1,315392.1207,1,1,1,174504.6941,1,1,1,25772.20207,1,6055418.121,1,1,1,1,1,1,1,1,1,1,2289942.114,56805652.25,2227066.695,26298.18494,1
0mM LG-2,0,36,1,16060.82392,1,1,234091.0519,1,1,104349.5711,553666.0077,1,1,1717184.939,1,27940385.03,1,1,118759.9146,1935187.338,300598.7321,1,1,260533.8925,1,220855.7931,48559.23059,87287692.41,1004101.117,2729.974923,3916427.012,1,530551.1808,1268662.911,1,1,1,523113.8409,1,1,1,7727368.577,308227.8439,235463.3821,10943055.71,4788123.416,355989.4658,196040.0508,3802251.952,1,1,1,1,1,1,1,1,1,1739596.296,2825726.549,44459453.71,5608633.635,71461.95977,28572204.32,513081.0705,198915.2058,1,17736867.04,1,1,2024220.609,16990489.76,178577.0333,1,1,1,1,815332.7983,1,1,11351828.89,1,5540.584824,1,3403.781839,1,1,1,2785234.719,1,1,1,1,36898.49484,135717.5659,1,12278.09324,1,1,1,932935.7247,1,1,20012164.02,1704508.174,6687.142456,382927.4201,1,1,1,1,1,1,1,1,93210.74235,883964.5291,1,116921170.3,1,1,1,13272621,1,1,926154.3685,768421.1743,1,26494.4426,1,11101.99177,41515.69769,524199.4241,48407.07197,1250770.34,6104.075757,2001213.008,1,9502852.413,42711.95308,97490.79289,96944.98471,1,13881907.68,523305.9167,1,1,1,1,8650604.432,1,1,1,1,1,1,29986.5151,16559.15904,1,1,408025.9714,1,1,1,1,86506.85581,1,63454.50286,1,1,1,38662.19051,117176.1497,9459.361604,1,1,2913462.979,1,108376.1973,1,1,1,1,1,129125.5858,1,1,116555.6388,1,67125.28014,47282.91072,647331.7688,42475.21863,1,519471.6478,1,1,1101740.1,11587089.53,1123075.062,1,65717.99671,19429.81755,7904129.971,1,1,1,1,1,222040.9847,1,1,1,1,1,1,32066.28709,103372.6253,1,14349.87972,1,1,1,1,1,1,1,105362.4182,1,25105.03479,1,1,1,1,1,1,1,1,1,1,3542015.446,1,45449.88628,1,302304.5388,1,1,1,324779.8353,1,174883.5643,1121379.336,1,1,1,1,1,2891223.663,13459.36667,12679.57981,24867.59216,1,1,1,1,1,1,1,286759.385,809846.2872,12835.47069,1,98915.66383,1,1,1,1,102961.4154,1,1,1,1,1,1,1,1,1,5486038.78,493532.9044,1,17956.65536,551700.5069,349527.8287,1,1,1,20045.05393,52962.89243,1,1,511662.9981,1,1,1,74356.29126,148454.6396,1,1,100194.2094,1,1,32419.88146,1,292845.8291,1,2691604.3,1255847.977,146597.0357,22724307.78,1,5421.286419,1,27434.93133,276820.1313,1,25552.10701,203827.2812,1,1,12575575.19,2045572.346,1,1,1,1,1,1,271148.7925,1,1,1,151708.6666,1,1,1,20581.69543,1,5702666.4,1,1,1,1,1,1,1,1,1,1,2230644.773,50805108.86,2340777.084,21310.93422,1
0mM LG-3,0,22.9,1,12723.08506,1,1,194754.4214,1,1,81912.45096,432755.6205,1,1,1900895.107,1,22896731.45,1,1,82490.06847,1658638.684,221908.4492,1,1,124749.5727,1,92938.26588,56964.72812,37355285.73,421048.9521,911.7780719,3404023.201,1,629396.4785,949344.8509,1,1,1,451450.5098,1,1,1,5256556.491,254119.5688,129849.9704,9153312.395,3451597.764,384309.5619,148553.4067,3177819.381,1,1,1,1,1,1,1,1,1,1394225.603,2529690.446,37377953.22,5066205.278,50552.56231,24839463.91,468927.6581,153827.1663,1,14576726.87,1,1,1343712.893,14449179.5,103175.5199,1,1,1,1,681282.4534,1,1,9263464.203,1,2585.96921,1,5173.557193,1,1,1,1963425.852,1,1,1,1,33095.80018,121033.1368,33362.2929,10166.33774,1,1,1,767496.0584,1,1,14723758.58,1351406.787,7841.279957,339774.9403,1,1,1,1,1,1,1,1,62947.95267,728741.1597,1,88983899.68,1,1,1,11119223.97,1,1,1506044.665,705192.694,1,8358.105673,1,6804.031216,40904.24685,631819.7813,58075.68605,1208090.591,10433.59938,1122190.763,1,7100992.164,27892.35589,50363.67347,86312.23612,1,11038209.6,338345.5551,1,1,1,1,6693027.67,1,1,1,1,1,1,14751.98705,18509.97856,1,1,192852.33,1,1,1,1,68821.363,1,76650.21342,1,1,1,38154.21603,120084.9584,11921.7327,1,1,2025899.172,1,99046.10649,1,1,1,1,1,140776.0819,1,1,89341.62788,1,65441.76371,36850.853,667669.2821,26320.69777,1,162729.3099,1,1,715834.8887,15248173.55,627010.0193,1,83557.45093,11456.32697,5752481.066,1,1,1,1,1,155432.6743,1,1,1,1,1,1,28697.6993,136149.5001,1,8762.634845,1,1,1,1,1,1,1,85934.54854,1,10250.02626,1,1,1,1,1,1,1,1,1,1,2966701.73,1,33693.52727,1,272488.7019,1,1,1,232232.8233,1,143468.1868,543371.789,1,1,1,1,1,2296223.154,14049.17421,10031.01258,12128.07925,1,1,1,1,1,1,1,333801.2154,604447.1783,11439.93973,1,67047.16911,1,1,1,1,71771.96483,1,1,1,1,1,1,1,1,1,8090224.342,396602.7518,1,19295.3984,421275.7753,201473.8258,1,1,1,15121.58798,34492.49511,1,1,344697.1035,1,1,1,51499.4293,140343.0129,1,1,117926.979,1,1,28494.97602,1,214065.4333,1,1876274.174,1073454.436,83762.28636,12933023.33,1,5002.077196,1,26278.04991,135816.8432,1,16827.23262,114637.6728,1,1,7495059.522,1430118.545,1,1,1,1,1,1,259797.8677,1,1,1,111914.4523,1,1,1,12821.3584,1,3808722.459,1,1,1,1,1,1,1,1,1,1,1790200.309,47099382.38,2203880.849,8487.265942,1
10mM LG-1,10,75.3,1,15784.40595,1,1,416850.0401,1,1,272142.5088,2281201.804,1,1,1669187.989,1,62940597.76,1,1,341066.4008,4403876.517,1564425.282,1,1,724330.519,1,1311138.611,148035.8195,91493357.57,1595406.566,3740.394426,6279360.614,1,876398.9428,6497724.721,1,1,1,1210410.336,1,1,1,53102611.33,1171512.572,1337106.818,16322224.98,5977592.937,435104.5644,718052.954,18684316.43,1,1,1,1,1,1,1,1,1,7870590.945,1004236.875,38531967.97,5028265.222,275222.3998,54924733.19,911706.7642,207963.7628,1,26011215.49,1,1,7370376.112,28066321.1,106602.6832,1,1,1,1,783170.6823,1,1,14064080.09,1,5109.249179,1,5902.756782,1,1,1,4320817.746,1,1,1,1,37949.74419,505151.3448,28819.27949,11371.42501,1,1,1,2802297.24,1,1,84131539.87,2745572.246,6332.393261,2016205.373,1,1,1,1,1,1,1,1,708484.3447,5427400.294,1,436145008.2,1,1,1,28289932.15,1,1,2223137.029,1645332.54,1,42834.8184,1,16969.36452,55004.10748,685643.242,98767.56733,1906956.356,29916.62841,9676880.705,1,28503435.19,89107.91364,318864.5549,190520.5429,1,15077921.33,1320804.351,1,1,1,1,29569402.27,1,1,1,1,1,1,78379.40633,33198.0084,1,1,1061786.411,1,1,1,1,160127.3962,1,96077.32127,1,1,1,154931.2336,124091.3147,30421.43103,1,1,4631642.45,1,189562.8009,1,1,1,1,1,104039.3657,1,1,940230.0785,1,73127.21482,91242.51268,557201.5643,218608.8353,1,3142288,1,1,2150083.478,11026446.14,7096133.338,1,68785.9982,81648.05159,19658790.96,1,1,1,1,1,199163.8526,1,1,1,1,1,1,27772.21078,89337.49724,1,110765.2458,1,1,1,1,1,1,1,260231.5389,1,52976.81162,1,1,1,1,1,1,1,1,1,1,20821726.06,1,148003.5514,1,2337627.332,1,1,1,277094.194,1,191371.55,4219677.813,1,1,1,1,1,8614852.516,36082.738,31217.97607,17719.28294,1,1,1,1,1,1,1,2119620.801,883986.6037,37069.12772,1,221665.0166,1,1,1,1,391090.7235,1,1,1,1,1,1,1,1,1,18790417.72,612322.8049,1,24971.76551,1897015.083,2461848.227,1,1,1,101704.5182,356982.4783,1,1,589569.4604,1,1,1,2637791.948,1028270.845,1,1,115625.774,1,1,38870.28614,1,1838902.512,1,5863370.412,2150866.695,820462.6957,118858588,1,18493.26727,1,80880.70654,1026649.175,1,53531.49298,117593.2399,1,1,49269536.46,6602399.97,1,1,1,1,1,1,2599631.412,1,1,1,502396.7841,1,1,1,46573.78072,1,11334108.8,1,1,1,1,1,1,1,1,1,1,7524208.562,138024012.1,3817790.949,135471.2896,1
10mM LG-2,10,71.5,1,15587.74214,1,1,366022.8927,1,1,260315.255,2224230.768,1,1,1684980.151,1,59303672.42,1,1,323796.4233,4332624.397,1567277.455,1,1,645020.0598,1,1168577.116,142501.0757,80835852.89,1215926.782,3261.630483,5772008.145,1,1091747.868,6718051.194,1,1,1,1197869.979,1,1,1,48902532.2,1076139.476,1283307.751,14906859.64,4808485.72,532711.6831,655885.3943,20765055.79,1,1,1,1,1,1,1,1,1,7575504.226,834218.5397,27617117.88,5064108.4,250563.4044,53890146.84,830942.8518,226462.5229,1,25924841.05,1,1,6935066.166,26003433.9,88533.65131,1,1,1,1,879631.9228,1,1,12402394.35,1,2714.49174,1,2838.101836,1,1,1,3646404.424,1,1,1,1,12812.78773,489036.1395,21364.01028,9528.274476,1,1,1,2868253.427,1,1,73129009.31,2565884.651,9317.853879,1800835.048,1,1,1,1,1,1,1,1,826662.4014,5075764.258,1,403574861.9,1,1,1,25327859.45,1,1,2860440.417,3128524.877,1,35448.64167,1,28049.92477,52562.37147,668791.123,100402.1343,1730495.861,23828.02089,9287988.934,1,27836148.55,63733.95488,334865.2057,175063.1334,1,16467392.96,1051018.462,1,1,1,1,29494616.44,1,1,1,1,1,1,72768.13926,39125.93276,1,1,1853789.387,1,1,1,1,143176.6878,1,85228.37158,1,1,1,188064.5867,127509.1186,26241.35556,1,1,4468691.351,1,198373.2715,1,1,1,1,1,106467.8479,1,1,997603.3617,1,70928.21296,93106.29884,597542.5336,194508.5422,1,1963248.573,1,1,3642275.849,10928219.18,6515449.235,1,49987.96626,87775.02987,20797802.07,1,1,1,1,1,136821.6072,1,1,1,1,1,1,42010.84495,68539.98185,1,117953.8182,1,1,1,1,1,1,1,285244.071,1,59048.4219,1,1,1,1,1,1,1,1,1,1,17599727.94,1,130438.0997,1,1360726.631,1,1,1,199696.9284,1,126937.199,2455660.819,1,1,1,1,1,8232068.629,37402.3038,32018.80863,19558.31155,1,1,1,1,1,1,1,1864252.375,594089.8014,30559.45493,1,243565.7111,1,1,1,1,365652.8084,1,1,1,1,1,1,1,1,1,18622589.98,605956.5756,1,30795.83216,1770321.243,2536360.103,1,1,1,104406.3293,498898.1889,1,1,399451.739,1,1,1,2876298.058,1409561.265,1,1,104220.7478,1,1,51528.92799,1,2325738.513,1,6200404.893,2599180.643,894808.4173,118505155,1,11090.62988,1,71687.41412,1008965.986,1,39679.56068,87320.01904,1,1,47154122.49,6438670.317,1,1,1,1,1,1,3023532.12,1,1,1,482347.1514,1,1,1,54899.61757,1,10835178.74,1,1,1,1,1,1,1,1,1,1,7526234.788,139350260.5,4112701.401,255180.9302,1
10mM LG-3,10,81.1,1,14791.21041,1,1,460355.2229,1,1,314970.175,2515398.685,1,1,1691450.542,1,66998982.13,1,1,399684.034,4972605.653,1879667.676,1,1,770001.6538,1,1399661.257,161170.682,86437355.44,1564958.637,3838.194969,7165010.486,1,825490.3773,7315999.542,1,1,1,1248934.333,1,1,1,56659356.74,1191512.858,1362719.09,18388667.75,6254908.121,430307.6816,752847.9827,23106735.64,1,1,1,1,1,1,1,1,1,9033283.159,1445167.926,39868455.39,5588152.082,328607.3356,62815094.89,985724.3928,220863.2447,1,28071810.6,1,1,7832569.455,31814024.71,100145.6685,1,1,1,1,1086266.224,1,1,12708384.44,1,2677.821614,1,3781.389146,1,1,1,4415764.309,1,1,1,1,17805.45683,565507.7234,49764.04056,8221.38854,1,1,1,3537293.926,1,1,89507135.42,2943937.631,4687.898489,3021807.285,1,1,1,1,1,1,1,1,764644.7222,6216160.487,1,447742973.1,1,1,1,28883301.08,1,1,2616668.233,2544903.01,1,57751.7564,1,18571.78503,55930.48291,705363.4766,114823.4738,2041906.3,29997.43496,9346236.759,1,28845448.5,106126.0621,343816.758,183462.6937,1,15237338.81,1602615.728,1,1,1,1,37989611.97,1,1,1,1,1,1,87452.23682,54483.85962,1,1,1875165.454,1,1,1,1,173517.9575,1,124073.6197,1,1,1,287670.5886,130049.8077,38067.22571,1,1,5516059.129,1,203627.9297,1,1,1,1,1,100759.7697,1,1,1170165.184,1,91186.43038,108723.5998,594877.131,250743.6045,1,4278900.11,1,1,2757311.699,10458460.23,8223417.663,1,66385.24561,105561.9518,26467337.51,1,1,1,1,1,217191.607,1,1,1,1,1,1,30568.3942,78308.41404,1,134386.4778,1,1,1,1,1,1,1,340530.7596,1,79130.1773,1,1,1,1,1,1,1,1,1,1,19258536.33,1,144493.5939,1,1550897.819,1,1,1,288720.9816,1,174625.7372,3325342.512,1,1,1,1,1,9744688.185,29970.67472,37668.47418,24743.88638,1,1,1,1,1,1,1,2344177.283,731690.3027,39107.19435,1,318778.3791,1,1,1,1,433737.7862,1,1,1,1,1,1,1,1,1,23902267.64,750642.9093,1,22901.75538,2064444.948,3242808.226,1,1,1,88610.80841,451047.4615,1,1,422516.1917,1,1,1,3019420.185,1340325.277,1,1,120198.0701,1,1,45755.0048,1,2515988.816,1,7877755.716,2343384.992,1136521.523,150945818.6,1,18540.79327,1,61506.102,901530.694,1,54430.83021,129187.7697,1,1,50892641.2,6830618.266,1,1,1,1,1,1,4800262.847,1,1,1,637083.8441,1,1,1,56774.02137,1,12858754.44,1,1,1,1,1,1,1,1,1,1,11196677.46,170783047.9,4451572.727,152337.9903,1
10mM LG + 20uM A9-1,1020,57.4,1,16606.99071,1,1,291355.4045,1,1,227695.9122,1528242.376,1,1,1828567.662,1,41375500.51,1,1,196181.6138,4127157.752,721476.6698,1,1,432249.6279,1,819620.7539,76358.15575,83452168.12,2297165.937,2611.648012,8506405.871,1,673155.8358,2561542.341,1,1,1,2651303.576,1,1,1,17937424.31,686565.6492,485036.6305,23262330.05,9265778.447,342421.583,463473.6436,6503799.075,1,1,1,1,1,1,1,1,1,4228850.41,2930062.445,70092407.15,6275459.016,123203.214,56112284.9,1092103.032,176275.203,1,34492340.7,1,1,3960344.286,38200326.19,169580.4749,1,1,1,1,1171128.006,1,1,11608619.64,1,3313.313519,1,7469.196128,1,1,1,5396502.757,1,1,1,1,53839.26044,259423.5537,46858.60429,20266.83674,1,1,1,2039593.977,1,1,33983260.9,3866930.785,6685.219236,817772.4697,1,1,1,1,1,1,1,1,378863.5036,1337877.032,1,210678222.5,1,1,1,28298226.58,1,1,1585059.144,1429748.001,1,51459.8166,1,10530.45671,53303.24957,593073.8922,206048.8447,1466685.666,9996.169414,6476326.232,1,18226449.92,28993.87468,206841.3297,141323.3314,1,15890892.32,1165722.724,1,1,1,1,20852858.31,1,1,1,1,1,1,67688.14657,24638.13434,1,1,2561346.553,1,1,1,1,157136.1847,1,73495.01253,1,1,1,93571.87548,125878.0669,21020.85884,1,1,4465231.155,1,137914.9671,1,1,1,1,1,117862.5496,1,1,464360.4182,1,70815.08321,59908.69251,615313.4859,131919.9285,1,4200448.385,1,1,1670939.583,11197713.5,2270751.448,1,61160.58273,64666.10105,15045790.37,1,1,1,1,1,331561.4765,1,1,1,1,1,1,58510.58264,78770.83111,1,76841.23039,1,1,1,1,1,1,1,192784.736,1,52285.74037,1,1,1,1,1,1,1,1,1,1,11200483.11,1,80049.46821,1,1941483.853,1,1,1,185696.5394,1,259692.8136,1738964.408,1,1,1,1,1,6268255.913,26122.26528,24380.97885,19012.57176,1,1,1,1,1,1,1,1201935.778,557176.2138,29507.86087,1,323228.8126,1,1,1,1,198549.5101,1,1,1,1,1,1,1,1,1,19418313.88,744055.3877,1,21880.15152,1252638.936,1997528.108,1,1,1,43803.11562,213969.8756,1,1,427181.4847,1,1,1,1072121.09,609686.1582,1,1,91857.29096,1,1,36647.14359,1,1334161.266,1,6371984.184,1643244.249,456079.6337,65803764.18,1,7386.521513,1,97008.48961,1007753.832,1,49154.36699,122972.4572,1,1,38272354.91,5446823.953,1,1,1,1,1,1,1376532.771,1,1,1,376500.5878,1,1,1,52517.31399,1,8964974.218,1,1,1,1,1,1,1,1,1,1,6379207.936,106423753.4,3272518.761,133087.186,1
10mM LG + 20uM A9-2,1020,53.4,1,22236.64999,1,1,342803.1959,1,1,181755.9887,1456803.156,1,1,1761415.816,1,39041017.56,1,1,197046.991,4012077.319,694753.9827,1,1,401789.4939,1,707356.0755,95012.91992,72034784.17,2129578.346,3259.078418,8649751.181,1,663969.7431,2311247.786,1,1,1,1848483.643,1,1,1,15645317.45,668522.1513,431575.5098,23327294.43,9367244.777,268774.8164,495081.623,5950511.853,1,1,1,1,1,1,1,1,1,4031228.824,2542750.425,76600737.81,6136285.413,134192.9026,55243452.37,1165110.818,162627.8292,1,31837500.11,1,1,3456503.278,36381886.79,172112.8407,1,1,1,1,1168028.358,1,1,10924601.68,1,2421.612754,1,1,1,1,1,5263592.087,1,1,1,1,43449.53299,271408.2155,44769.28874,23407.99254,1,1,1,1809107.419,1,1,31768437.47,3794833.22,14921.60173,837591.9705,1,1,1,1,1,1,1,1,307890.7674,1164515.618,1,215604094.1,1,1,1,29088335.3,1,1,1482710.12,1086291.532,1,33956.45989,1,2882.211743,48196.34933,560037.6064,218801.609,1663764.124,11915.57696,5245441.44,1,17939295.13,25577.23725,198575.8485,131855.6497,1,15235989.09,1167525.63,1,1,1,1,21800593.15,1,1,1,1,1,1,59962.08207,34565.01379,1,1,2227874.245,1,1,1,1,160114.2225,1,93401.75691,1,1,1,87045.79657,145165.1672,21765.85629,1,1,4168470.888,1,139685.4299,1,1,1,1,1,111374.1826,1,1,410612.6963,1,85723.95149,55628.95433,633379.4488,118629.7052,1,3706874.46,1,1,1513114.319,11426394.78,1881348.08,1,66293.19919,67165.49273,13465705.87,1,1,1,1,1,352122.0743,1,1,1,1,1,1,61764.14516,75612.62913,1,66074.19912,1,1,1,1,1,1,1,196713.0351,1,40113.72663,1,1,1,1,1,1,1,1,1,1,9797144.711,1,65401.97696,1,2288837.66,1,1,1,240051.5562,1,211632.7782,1475439.528,1,1,1,1,1,6251829.468,32038.9584,33095.60119,20048.08543,1,1,1,1,1,1,1,1202659.336,627491.431,21493.3712,1,277113.6958,1,1,1,1,177936.1157,1,1,1,1,1,1,1,1,1,19587634.71,719164.2414,1,25607.15063,1358216.618,1854715.427,1,1,1,20867.88273,170692.5085,1,1,357785.6726,1,1,1,948082.8768,624690.3154,1,1,88658.72863,1,1,28428.85824,1,3190994.91,1,5645133.252,1561009.814,404975.998,58761571.74,1,12749.35206,1,107496.9824,880111.8736,1,31760.39226,130039.2039,1,1,35134119.24,5014423.576,1,1,1,1,1,1,1718562.007,1,1,1,340257.7534,1,1,1,41925.55391,1,8163190.729,1,1,1,1,1,1,1,1,1,1,6354440.728,106177324.5,3576666.342,100994.3774,1
10mM LG + 20uM A9-3,1020,55,1,10633.32818,1,1,298811.2159,1,1,213604.3358,1528916.932,1,1,1798765.398,1,40505663.82,1,1,187061.6336,4219296.781,680595.8909,1,1,392462.981,1,600676.1375,74091.47912,95149065.23,1625973.838,2625.605233,8023858.056,1,720177.3545,2215777.598,1,1,1,2287543.61,1,1,1,16319345.8,632574.3508,414770.0586,21961425.27,8500091.608,313771.8525,483666.8487,7144338.02,1,1,1,1,1,1,1,1,1,3929905.762,2487501.765,68327129.33,6103299.308,146805.0609,55946460.77,1125980.132,214965.178,1,31260303.82,1,1,3383823.801,36160593.83,158985.4953,1,1,1,1,1172841.735,1,1,11299247.19,1,4027.628587,1,4114.602912,1,1,1,4861216.366,1,1,1,1,37920.61285,353576.9874,42689.91234,8450.803599,1,1,1,1835840.232,1,1,30966107.46,3432016.797,7270.683546,806634.8732,1,1,1,1,1,1,1,1,428607.4052,1240217.946,1,207366790.7,1,1,1,28574529.93,1,1,1924827.295,1245118.851,1,46661.13111,1,5557.175196,50957.60905,656047.9487,215184.193,1599046.648,9848.248184,5919400.961,1,19332630.45,34058.68872,239025.1972,138543.1687,1,14707448.15,1115558.91,1,1,1,1,22469143.7,1,1,1,1,1,1,57150.28573,40865.07192,1,1,2146401.947,1,1,1,1,163264.7784,1,92163.67263,1,1,1,92721.54137,144916.3453,19035.59601,1,1,4192235.207,1,172451.4657,1,1,1,1,1,120399.0078,1,1,438225.7013,1,75630.54376,53618.41752,606774.8444,144650.5732,1,3437055.816,1,1,1778756.366,11999791.93,1774859.009,1,64641.78858,68911.74742,14040515.32,1,1,1,1,1,309272.207,1,1,1,1,1,1,53115.64295,79439.4897,1,67875.2648,1,1,1,1,1,1,1,203471.3634,1,46883.92532,1,1,1,1,1,1,1,1,1,1,15326743.49,1,63198.64864,1,1736600.146,1,1,1,285553.8235,1,243592.7242,1221131.31,1,1,1,1,1,5878081.672,32779.3048,37211.03802,24266.07859,1,1,1,1,1,1,1,1690331.887,679366.6021,25121.21423,1,341626.1188,1,1,1,1,196014.0885,1,1,1,1,1,1,1,1,1,25071957.59,683405.1675,1,24628.89514,1420064.546,1797531.437,1,1,1,45290.74312,227148.3628,1,1,411262.5691,1,1,1,1179181.858,805634.02,1,1,106976.0329,1,1,35193.05471,1,3736507.012,1,6625478.766,1787534.576,410461.6771,63283847.54,1,13008.13044,1,116552.8687,875202.0168,1,148453.3434,1625839.37,1,1,34937158.73,4998932.002,1,1,1,1,1,1,1961941.346,1,1,1,401593.3094,1,1,1,41885.33113,1,8459458.469,1,1,1,1,1,1,1,1,1,1,7047600.921,108951893.6,2642247.485,92434.51307,1
1mM LG-1,1,66.6,1,22347.97548,1,1,264119.5908,1,1,118917.2381,1136444.156,1,1,1751064.617,1,45917792.55,1,1,166268.4659,2819705.167,681070.6695,1,1,292169.4138,1,509852.7771,89176.79494,53812839.16,788306.9699,1823.448866,3410529.172,1,706436.507,2688936.264,1,1,1,838362.5571,1,1,1,29222748.69,588696.1589,691989.1133,9945645.796,3821302.918,265610.3149,417953.1281,10719877.03,1,1,1,1,1,1,1,1,1,3573649.233,658086.703,19681451.18,3789197.002,121329.5364,30766953.24,510155.3459,214128.7868,1,15481934.86,1,1,4153429.595,16677533.2,54938.67068,1,1,1,1,562302.5103,1,1,11628310.62,1,4187.616984,1,2841.407067,1,1,1,2705004.901,1,1,1,1,19051.27829,281765.7236,20564.09532,10387.71717,1,1,1,1735883.03,1,1,45390394.3,1652542.281,7668.67125,1453067.088,1,1,1,1,1,1,1,1,465662.1569,3115927.11,1,299228584.7,1,1,1,14315603.81,1,1,2833657.664,1374346.017,1,28158.47538,1,20184.44809,46220.93249,649476.8599,66969.31752,1043024.319,18781.51025,6809514.352,1,19459709.71,63228.32285,232708.3418,160864.3735,1,9627297.92,1117827.754,1,1,1,1,22910554.91,1,1,1,1,1,1,87955.66446,46756.98835,1,1,481542.3061,1,1,1,1,95459.35472,1,52646.0144,1,1,1,92442.04513,145635.5475,24286.69685,1,1,3750601.178,1,169468.7921,1,1,1,1,1,103064.1874,1,1,547515.8458,1,77483.7267,90364.11997,644871.8646,148051.2654,1,1100805.082,1,1,1820699.166,10945673.91,3282207.362,1,45844.07188,80804.38416,12730886.83,1,1,1,1,1,99917.80617,1,1,1,1,1,1,34229.92879,102082.4896,1,44788.12454,1,1,1,1,1,1,1,162573.2357,1,30223.5586,1,1,1,1,1,1,1,1,1,1,19563932.83,1,93090.25363,1,961247.3156,1,1,1,203525.334,1,81151.76133,1737660.841,1,1,1,1,1,4906708.674,22282.92755,23135.62268,16612.82879,1,1,1,1,1,1,1,1935127.409,499651.6794,18566.19033,1,128428.9074,1,1,1,1,279043.023,1,1,1,1,1,1,1,1,1,14226112.15,288653.5608,1,22289.36877,2088234.411,2208347.743,1,1,1,80458.94284,262385.8102,1,1,329422.392,1,1,1,3069438.896,1424920.848,1,1,126990.5799,1,1,53441.00686,1,1591747.106,1,5005066.071,3109989.826,627385.3242,84141435.35,1,15860.63556,1,36166.84352,776314.4397,1,27995.85205,88656.56195,1,1,38202936.41,5298019.159,1,1,1,1,1,1,1747017.328,1,1,1,410366.0464,1,1,1,51579.71577,1,11113985.15,1,1,1,1,1,1,1,1,1,1,5137876.747,109279295.3,1448176.927,77003.62467,1
1mM LG-2,1,61.7,1,21099.21571,1,1,290224.9137,1,1,168722.5777,1292984.404,1,1,1723518.733,1,46878945.44,1,1,183127.5627,3159847.933,876866.5448,1,1,440542.5406,1,576485.9037,102546.6414,75602262.41,699344.1427,2852.399109,4029097.468,1,608917.535,3426871.871,1,1,1,1058080.312,1,1,1,32755273.78,698668.1449,860711.5931,11150854.87,3831411.947,282550.4254,492134.8543,13075499.74,1,1,1,1,1,1,1,1,1,4775528.414,885025.0177,22651609.94,4164480.328,151794.9177,36661218.71,591999.0838,220579.5391,1,16564863.64,1,1,4698542.891,18670512.34,75456.94858,1,1,1,1,711053.4691,1,1,11603520.25,1,3842.247341,1,7167.688458,1,1,1,2763008.261,1,1,1,1,6501.198612,326038.099,25079.57056,14309.46834,1,1,1,2128453.337,1,1,52745763.47,1885288.238,7232.867432,1776418.724,1,1,1,1,1,1,1,1,589543.4971,3614887.954,1,334774069.1,1,1,1,20198962.98,1,1,2882751.805,1466894.456,1,38104.3401,1,11585.26041,49824.10819,705784.4354,82821.39908,1310551.029,17722.56893,7428893.893,1,21809749.86,95919.25736,284368.5885,163883.2874,1,10802593.55,1501005.289,1,1,1,1,27836967.79,1,1,1,1,1,1,73068.98154,35498.82882,1,1,527248.0441,1,1,1,1,105782.7761,1,100822.106,1,1,1,124002.639,138180.7298,24271.91114,1,1,3748733.419,1,156309.5263,1,1,1,1,1,110114.2236,1,1,616409.9045,1,75534.16924,96607.09227,600081.8362,143132.2934,1,1146110.138,1,1,2012342.229,10735570.92,3571768.944,1,56126.56769,77348.27181,15073608.71,1,1,1,1,1,111277.2537,1,1,1,1,1,1,42444.92087,74853.88972,1,61815.49337,1,1,1,1,1,1,1,188059.876,1,35907.21383,1,1,1,1,1,1,1,1,1,1,23798325.31,1,134846.1262,1,1123547.876,1,1,1,279639.2425,1,122007.7163,1578751.402,1,1,1,1,1,5611759.887,20987.21698,26903.71835,17809.42055,1,1,1,1,1,1,1,2858038.811,782839.9169,18507.61132,1,139846.2545,1,1,1,1,290825.4514,1,1,1,1,1,1,1,1,1,19391885.68,357798.2383,1,31904.38991,2106817.155,2231517.758,1,1,1,77116.6858,314910.3773,1,1,452582.0727,1,1,1,3025788.436,1498585.376,1,1,121349.5597,1,1,43691.23818,1,1610103.421,1,5802241.161,2948172.997,685598.5144,92024807.99,1,19152.37532,1,48026.11035,767808.818,1,39143.94405,168309.4094,1,1,39937830.16,5461605.062,1,1,1,1,1,1,2503615.149,1,1,1,428775.9925,1,1,1,59064.49202,1,12711629.86,1,1,1,1,1,1,1,1,1,1,6206727.525,114238404.6,3268802.192,71585.55472,1
1mM LG-3,1,70.7,1,7944.636487,1,1,240831.8269,1,1,110868.7185,1172769.757,1,1,1727530.953,1,46003882.44,1,1,153299.2358,2965720.182,606926.4674,1,1,350799.651,1,563182.7825,73337.79736,88022745.87,885342.9686,2264.591028,3536288.629,1,634669.9817,2659712.664,1,1,1,876435.1937,1,1,1,27927701.73,582954.9703,684423.3111,9341483.691,3513428.558,229923.5061,414519.0934,9525577.48,1,1,1,1,1,1,1,1,1,3259400.455,623349.6693,18645005.89,3510351.142,92160.69247,28926635.91,481473.2739,246836.5938,1,14545795.22,1,1,3712715.364,16153975.6,70450.1351,1,1,1,1,586759.1523,1,1,11491325.74,1,3349.836587,1,5796.406757,1,1,1,2677893.146,1,1,1,1,29646.55882,268279.7071,1,40694.66476,1,1,1,1914276.958,1,1,40653260.56,1622896.916,1,1273051.769,1,1,1,1,1,1,1,1,628683.4701,2697195.698,1,295404396,1,1,1,14988056.82,1,1,2124956.669,1610118.721,1,37753.18745,1,11012.99716,48884.79268,627390.0556,69240.46307,1102755.04,21876.04517,7229312.539,1,20015193.71,73649.48756,203927.6336,164242.4143,1,8881407.587,405504.4023,1,1,1,1,22985706.52,1,1,1,1,1,1,78062.56107,37555.28756,1,1,610675.3836,1,1,1,1,84586.20356,1,74888.05168,1,1,1,55639.50898,131721.7308,16880.51893,1,1,3889403.064,1,181699.9179,1,1,1,1,1,109442.5364,1,1,514509.8732,1,60681.64608,88941.84927,608597.1715,111211.2781,1,487642.1698,1,1,2199050.579,9810970.975,2874869.525,1,60484.96805,71454.72635,10824775.94,1,1,1,1,1,100876.2825,1,1,1,1,1,1,32220.69694,58976.5636,1,44450.13395,1,1,1,1,1,1,1,142745.8622,1,27596.70228,1,1,1,1,1,1,1,1,1,1,17834581.1,1,73561.88749,1,962766.7562,1,1,1,301408.5412,1,151525.2928,1755537.758,1,1,1,1,1,4571371.125,82381.02815,96359.08487,39911.36767,1,1,1,1,1,1,1,1438804.603,542623.5646,15786.85254,1,87961.92032,1,1,1,1,255016.2769,1,1,1,1,1,1,1,1,1,11655992.09,269441.3134,1,32891.93469,1856914.667,1979796.64,1,1,1,105953.7914,395735.286,1,1,496968.7594,1,1,1,3613961.884,1185141.956,1,1,123284.6717,1,1,60708.37363,1,1509743.203,1,3774269.47,2895624.171,543342.1272,77614412.48,1,10681.84888,1,33173.89666,805422.559,1,72700.7619,1232008.403,1,1,38206451.77,5180530.092,1,1,1,1,1,1,1908373.798,1,1,1,364238.9971,1,1,1,58737.86429,1,10894655.98,1,1,1,1,1,1,1,1,1,1,4830732.429,99936221.1,2519879.179,40902.82987,1
1mM LG + 20uM A9-1,120,44.6,1,1,1,1,310260.4689,1,1,113442.3395,779592.7247,1,1,1818645.921,1,18432645.37,1,1,112846.365,2854537.372,298360.0211,1,1,259119.1265,1,216732.6472,90445.48786,87824201.43,1338839.213,2419.372849,6285804.896,1,941473.3572,1092597,1,1,1,793081.8928,1,1,1,8073486.483,438363.6372,213884.4542,17569593.14,6846702,382392.1284,324098.278,3667129.91,1,1,1,1,1,1,1,1,1,1964383.03,3234149.202,69584287.39,6246891.877,66298.74697,28238528.83,861942.6095,144831.8214,1,28263852.77,1,1,1758631.92,28753928.68,203213.2906,1,1,1,1,1334978.931,1,1,13127108.07,1,1558.338248,1,3864.778554,1,1,1,4052487.951,1,1,1,1,50511.20947,202675.7553,47642.65167,9793.095703,1,1,1,1209892.784,1,1,24587465.87,2766704.375,6415.681114,458992.213,1,1,1,1,1,1,1,1,111859.7132,562398.0724,1,54815302.05,1,1,1,16746763.9,1,1,1477198.374,1139786.337,1,27472.20112,1,8720.47378,52222.68519,556248.5885,86132.61205,1614179.385,8001.26149,1854452.154,1,9793573.936,30224.30537,100984.4525,126091.4247,1,14222022.09,328429.5836,1,1,1,1,11199230.49,1,1,1,1,1,1,32203.48495,24130.6469,1,1,244963.5278,1,1,1,1,89838.32607,1,58424.18116,1,1,1,59415.34324,131645.3088,13443.52574,1,1,1535808.287,1,135370.0081,1,1,1,1,1,117022.0311,1,1,117411.0495,1,60053.33854,40121.17748,637924.2946,21400.63084,1,535076.2483,1,1,1311530.641,11369202.45,809935.0358,1,71943.24438,15685.81044,9921051.664,1,1,1,1,1,304351.6258,1,1,1,1,1,1,15458.74316,97257.76435,1,13781.44652,1,1,1,1,1,1,1,132349.18,1,24334.18679,1,1,1,1,1,1,1,1,1,1,3073289.161,1,41928.09227,1,250507.1208,1,1,1,197025.239,1,220295.2584,792957.0318,1,1,1,1,1,3537270.648,9634.265987,8221.403816,10763.265,1,1,1,1,1,1,1,317150.111,552280.0588,13751.01338,1,167305.8279,1,1,1,1,102681.793,1,1,1,1,1,1,1,1,1,10554303.06,545425.2605,1,25658.83254,522898.3567,378301.6507,1,1,1,12885.69501,67342.08429,1,1,382680.3184,1,1,1,18461.39857,58109.11476,1,1,133676.6199,1,1,30818.66072,1,409717.351,1,4441375.951,1662942.926,165735.1788,24048969.32,1,6120.13168,1,45378.52242,260233.7081,1,27600.75554,100551.4075,1,1,20665166.43,3005310.817,1,1,1,1,1,1,312068.151,1,1,1,195372.4041,1,1,1,30557.89926,1,6990211.274,1,1,1,1,1,1,1,1,1,1,672431.3885,54645702.81,2634738.118,19601.98204,1
1mM LG + 20uM A9-2,120,41.2,1,13049.38631,1,1,323597.1265,1,1,90439.80612,844444.6726,1,1,1825496.022,1,18227643.74,1,1,141158.1061,3055015.024,311053.6815,1,1,203958.232,1,302159.3518,55127.50901,77883030.21,1631373.243,2426.456,6704810.811,1,785166.9864,1167788.713,1,1,1,746491.0031,1,1,1,8702572.821,414305.4925,256982.4772,18421409.68,7201971.832,359537.9901,291097.7248,3742756.23,1,1,1,1,1,1,1,1,1,1951526.077,2779938.365,70373440.49,6381860.783,59780.64195,29783594.58,898462.6647,154650.0816,1,29047537.28,1,1,1872215.486,28840052.57,192626.0199,1,1,1,1,1403489.181,1,1,12087079.32,1,3795.759828,1,9611.507401,1,1,1,4495678.005,1,1,1,1,39550.12925,206734.5716,41647.0808,9964.320913,1,1,1,1252889.833,1,1,23076011.48,3056477.222,7034.266627,381517.6484,1,1,1,1,1,1,1,1,129698.9451,505420.8942,1,64652326.4,1,1,1,16162511.73,1,1,1951481.506,1419091.852,1,25681.90903,1,9541.963455,52548.66613,562448.0497,65519.51198,1370672.05,4969.043968,2112614.801,1,10577124.92,26940.08674,119502.6238,132500.1521,1,11232571.82,290465.7471,1,1,1,1,12376866.9,1,1,1,1,1,1,40674.83513,21669.53904,1,1,468297.9447,1,1,1,1,86980.17648,1,64622.91148,1,1,1,66894.69809,135312.9445,13583.06062,1,1,1733464.11,1,109007.6245,1,1,1,1,1,115191.1666,1,1,128494.9358,1,79462.86275,40607.06958,635092.1659,23843.7386,1,630453.0751,1,1,1461665.429,10693412.27,839116.7219,1,72557.62244,13091.45226,9767049.785,1,1,1,1,1,275943.8867,1,1,1,1,1,1,25186.38094,64008.96986,1,14298.8125,1,1,1,1,1,1,1,126946.4951,1,32189.42517,1,1,1,1,1,1,1,1,1,1,2812778.435,1,69514.39965,1,268227.0128,1,1,1,216449.1036,1,256102.354,930338.9226,1,1,1,1,1,3579295.088,11116.53499,11365.88557,18450.9592,1,1,1,1,1,1,1,190648.3708,534033.4462,11055.50559,1,149148.445,1,1,1,1,111042.387,1,1,1,1,1,1,1,1,1,9341551.881,503735.064,1,10688.64021,578679.5876,359267.3838,1,1,1,17802.6817,72629.05338,1,1,380964.3003,1,1,1,23203.2155,48557.667,1,1,98987.5771,1,1,38681.25541,1,447891.605,1,3670774.137,1555992.272,212053.079,29237810.29,1,6741.033313,1,60972.69345,312697.356,1,38391.54598,261002.6822,1,1,21631471.43,3152797.34,1,1,1,1,1,1,327595.8963,1,1,1,214026.3467,1,1,1,32522.84796,1,7015774.89,1,1,1,1,1,1,1,1,1,1,779440.9172,53663406.23,1822840.699,20864.66604,1
1mM LG + 20uM A9-3,120,43.8,1,10312.25552,1,1,385449.8043,1,1,138220.4238,920413.4709,1,1,1799994.087,1,20437436.11,1,1,112083.6318,3306788.88,391507.5328,1,1,293307.4632,1,254416.6634,74448.09201,89200846.49,1563423.241,2043.304737,7793325.788,1,696594.2775,1269594.06,1,1,1,975357.2428,1,1,1,8807938.599,480616.343,292535.3041,21360199.67,8364491.364,397064.8256,315917.5269,4228235.099,1,1,1,1,1,1,1,1,1,2131221.478,3489641.326,83742695.56,7017766.212,77836.59627,33770375.49,1068606.863,157400.4254,1,31601558.89,1,1,1788250.908,33623164.94,221444.9376,1,1,1,1,1538347.168,1,1,12950047.8,1,3852.74866,1,5073.85084,1,1,1,4634092.438,1,1,1,1,56405.65427,189070.1394,31818.10067,35662.18838,1,1,1,1355679.783,1,1,24945604.1,3292341.437,7583.58328,415584.6365,1,1,1,1,1,1,1,1,94558.64288,606281.7756,1,68068490.25,1,1,1,20236604.28,1,1,1558227.383,1098892.92,1,21749.02328,1,7961.646674,50618.10335,565367.0446,90701.57476,1715397.254,8412.684738,1984608.031,1,10999896.6,29612.83472,97634.61337,124005.0224,1,13562017.01,330105.2468,1,1,1,1,13488956.06,1,1,1,1,1,1,38092.54913,36730.48689,1,1,721574.7175,1,1,1,1,94935.70391,1,62260.01393,1,1,1,65795.64932,128892.7482,12275.67712,1,1,1783454.884,1,140306.8915,1,1,1,1,1,117776.5685,1,1,133886.999,1,64162.72617,41432.42887,648057.9946,1,1,544115.1264,1,1,1153288.737,10804901.49,815265.025,1,69799.16481,17895.85723,11441076.52,1,1,1,1,1,346941.4742,1,1,1,1,1,1,27413.41199,83979.92371,1,18981.36761,1,1,1,1,1,1,1,148282.6093,1,33749.00458,1,1,1,1,1,1,1,1,1,1,2540968.928,1,44068.42861,1,324888.6844,1,1,1,304525.5909,1,283900.7983,865746.5038,1,1,1,1,1,4232867.448,10587.04375,8732.231155,11807.66764,1,1,1,1,1,1,1,364070.3269,687375.9108,13002.73808,1,188621.4321,1,1,1,1,131499.5709,1,1,1,1,1,1,1,1,1,10809217.34,620886.5761,1,10212.21201,557084.3512,312524.8785,1,1,1,18176.2236,56074.74676,1,1,429716.9005,1,1,1,15525.24775,58892.91912,1,1,112581.33,1,1,33683.3856,1,406480.391,1,4068891.383,1417357.015,197261.0038,30556477.24,1,8729.68972,1,49349.43809,331710.0598,1,35620.37739,133144.9575,1,1,23216946.28,3457255.646,1,1,1,1,1,1,437458.1659,1,1,1,234179.7566,1,1,1,27912.93799,1,7098260.497,1,1,1,1,1,1,1,1,1,1,825886.6126,60501504.4,1751696.532,23977.30268,1
2.5mM LG-1,2.5,59.8,1,53582.09985,1,1,183781.7504,1,1,67951.86563,699594.9953,1,1,1815971.813,1,40181112.2,1,1,93222.08857,2639527.19,274021.0471,1,1,224489.4208,1,180283.6724,60392.52257,91104696.86,478266.4423,2426.992913,2123329.067,1,449352.3453,1206020.675,1,1,1,925995.4972,1,1,1,15132617.71,302763.1917,356986.5258,5717348.972,1917985.022,1327980.123,303085.7804,4891657.354,1,1,1,1,1,1,1,1,1,1666716.883,366425.0935,9638193.853,3377075.515,52560.51571,15885850.98,270320.5406,281675.9626,1,11342676.31,1,1,2185737.77,10165030.81,159402.6436,1,1,1,1,403425.9901,1,1,11550894.54,1,5890.579489,1,5124.765438,1,1,1,1726809.113,1,1,1,1,14065.64573,236245.9014,6989.577736,14379.06722,1,1,1,1439775.59,1,1,22382141.98,1048217.549,1,648599.0782,1,1,1,1,1,1,1,1,561315.727,1805120.166,1,173737387.7,1,1,1,9197078.393,1,1,2053608.028,1498849.68,1,46283.32847,1,17023.70137,44507.7356,633820.271,47156.02461,709662.2314,43628.95506,4205780.846,1,11137262.97,98178.6619,172445.258,190717.5655,1,5517136.792,522537.6275,1,1,1,1,12836428.32,1,1,1,1,1,1,80637.04276,32895.24349,1,1,601530.4156,1,1,1,1,52041.70538,1,73928.93719,1,1,1,30297.32887,126492.963,12369.05123,1,1,3325700.307,1,146494.9919,1,1,1,1,1,108604.6741,1,1,279519.4735,1,80219.76214,56712.62323,649644.0573,59698.09302,1,1,1,1,2519428.885,9981492.483,1600512.601,1,73539.51793,45038.5581,5665790.233,1,1,1,1,1,59552.33146,1,1,1,1,1,1,144043.5974,67102.30369,1,24873.38657,1,1,1,1,1,1,1,90097.81061,1,12002.96736,1,1,1,1,1,1,1,1,1,1,19368502.09,1,101267.4925,1,422197.8238,1,1,1,453816.7252,1,83561.59838,842641.7864,1,1,1,1,1,2396370.894,33231.58336,35172.35954,26671.92,1,1,1,1,1,1,1,1738519.553,1013209.23,9250.856291,1,63679.0134,1,1,1,1,223468.5834,1,1,1,1,1,1,1,1,1,8257695.622,137932.9287,1,33662.80996,1649248.051,1332542.927,1,1,1,86861.60988,323249.6529,1,1,665307.4189,1,1,1,3352136.046,1421697.607,1,1,147369.5725,1,1,73322.95006,1,1371831.803,1,3143849.429,3840617.901,271232.3354,40505977.76,1,10206.60587,1,27641.08096,499917.1929,1,22460.40863,128625.9073,1,1,20080123.04,2870825.42,1,1,1,1,1,1,464756.3317,1,1,1,255738.2194,1,1,1,53082.372,1,12674494.38,1,1,1,1,1,1,1,1,1,1,2006729.981,66138879.7,2156695.397,41823.84076,1
2.5mM LG-2,2.5,58.2,1,1,1,1,200804.6843,1,1,94653.24903,761935.5167,1,1,1886924.784,1,34670245.42,1,1,98665.40192,1871638.767,510075.935,1,1,310075.558,1,199887.3515,53643.62905,51110080.96,117742.8628,3650.512869,2383066.394,1,515651.2167,1703258.369,1,1,1,528125.029,1,1,1,14991734.77,337739.9785,427468.6193,7284287.845,2013109.067,221174.7524,267611.6222,7852506.587,1,1,1,1,1,1,1,1,1,2515495.476,747331.9124,14840858.93,3199011.286,86303.55033,25225230.69,393319.5343,203636.5,1,7455278.206,1,1,2356772.396,11876782.46,38868.26371,1,1,1,1,525215.7701,1,1,10180662.18,1,3778.357547,1,6570.270793,1,1,1,1501341.159,1,1,1,1,1,197343.0494,1,13924.09769,1,1,1,1240330.14,1,1,32022281.45,962285.1099,2634.753741,1554961.465,1,1,1,1,1,1,1,1,335830.2471,2304659.883,1,220773419.5,1,1,1,13330706.64,1,1,3560737.224,1172413.807,1,19263.45147,1,9779.448033,44844.64995,732893.455,76636.90194,1011050.678,11556.24856,4101041.982,1,11303052.86,60211.15819,190399.4329,186287.1548,1,5961704.179,134139.0345,1,1,1,1,17859270.7,1,1,1,1,1,1,38053.18743,52666.72167,1,1,229633.506,1,1,1,1,71298.19991,1,86689.29496,1,1,1,22632.57877,144371.997,13950.25186,1,1,2748776.061,1,165872.0832,1,1,1,1,1,108585.3255,1,1,381780.3249,1,82215.86129,67847.89613,613890.9268,97487.36706,1,1,1,1,1574809.956,11283543.25,1562116.31,1,51376.71709,38697.65504,8127980.842,1,1,1,1,1,58892.40624,1,1,1,1,1,1,47710.23329,56748.70728,1,33260.85791,1,1,1,1,1,1,1,138204.4139,1,19405.76136,1,1,1,1,1,1,1,1,1,1,26547693.77,1,49314.05228,1,418387.0708,1,1,1,197624.7614,1,71266.0238,1257.179779,1,1,1,1,1,3471216.579,30969.09778,32047.78001,17124.08865,1,1,1,1,1,1,1,2194046.677,529334.4214,11356.26451,1,73508.04949,1,1,1,1,197811.5085,1,1,1,1,1,1,1,1,1,21487479.58,212298.667,1,27835.4823,1506263.69,1258037.297,1,1,1,44671.009,191349.3406,1,1,408812.7054,1,1,1,2698858.985,2619804.27,1,1,123720.8026,1,1,44132.6639,1,1653964.288,1,3476310.328,3333046.601,332888.5491,48952563.81,1,11912.25897,1,24759.40454,449261.6352,1,26040.53247,123006.2926,1,1,21852389.18,3411689.126,1,1,1,1,1,1,2145247.214,1,1,1,302223.0785,1,1,1,52438.36709,1,10231833.65,1,1,1,1,1,1,1,1,1,1,5009174.003,101243556.3,3181399.212,49605.13834,1
2.5mM LG-3,2.5,64.9,1,14386.82947,1,1,250122.7797,1,1,92771.81244,1054564.296,1,1,1752130.867,1,42878006.26,1,1,124356.3104,2726979.014,603717.4746,1,1,302120.6903,1,434487.5528,114528.5168,88888152.43,728182.8163,2343.8238,3141763.599,1,516485.4495,2319046.989,1,1,1,832043.621,1,1,1,24505104.01,520193.5663,631594.3973,8642607.836,3027789.47,232534.6322,385842.4089,8553704.153,1,1,1,1,1,1,1,1,1,2963193.565,495627.2155,16997623.24,3571522.733,108598.3986,27575455.6,417563.8201,246371.1735,1,13554951.68,1,1,3416421.867,14271528.2,58417.1523,1,1,1,1,610917.6874,1,1,9973020.192,1,2629.977504,1,1,1,1,1,2347683.361,1,1,1,1,20930.23099,265424.0491,21120.61677,32595.99573,1,1,1,1721460.925,1,1,37942893.14,1504820.158,3526.316397,1357062.731,1,1,1,1,1,1,1,1,479412.8042,2532464.383,1,299436286.1,1,1,1,13741749.02,1,1,2318708.487,1665921.092,1,27243.22857,1,13004.70216,46079.25616,603503.7237,64988.59521,926319.5319,17831.53047,6458839.045,1,18125006.26,82782.22144,226221.4877,195220.809,1,6427685.729,592190.7675,1,1,1,1,22605198,1,1,1,1,1,1,84938.99235,56413.35837,1,1,712218.3428,1,1,1,1,80734.16539,1,74658.30884,1,1,1,56135.69251,130948.313,18706.48407,1,1,3891078.549,1,191498.4701,1,1,1,1,1,103027.2781,1,1,508899.2487,1,78593.93832,75450.79389,599252.0179,106067.3947,1,300646.1221,1,1,1905236.296,9780198.241,2504841.836,1,52706.24964,77865.86324,10099331.83,1,1,1,1,1,88819.95583,1,1,1,1,1,1,143622.9836,60065.97489,1,50248.61667,1,1,1,1,1,1,1,136594.6139,1,30708.35902,1,1,1,1,1,1,1,1,1,1,21074485.33,1,126979.8688,1,1043452.801,1,1,1,244315.4654,1,99478.98842,1321667.868,1,1,1,1,1,4292437.494,24955.18779,26842.19815,20720.52881,1,1,1,1,1,1,1,1781849.63,624940.3576,16078.28119,1,89780.76248,1,1,1,1,253946.7322,1,1,1,1,1,1,1,1,1,11435281.69,236412.5878,1,32458.06871,1970159.881,2247796.451,1,1,1,80046.15754,285222.5096,1,1,493985.3231,1,1,1,4698477.644,1538166.956,1,1,127947.3835,1,1,42850.7732,1,1591492.373,1,3761883.857,3251077.55,525693.7956,72408915.41,1,12494.66731,1,47913.7988,713548.0084,1,22546.95205,114155.0687,1,1,34288524.34,4751223.738,1,1,1,1,1,1,2002182.847,1,1,1,372169.1628,1,1,1,55588.17774,1,12215263.46,1,1,1,1,1,1,1,1,1,1,5100156.833,101138437.1,2345435.986,40336.18591,1
2.5mM LG + 20uM A9-1,2.52,55.8,1,25694.08485,1,1,326001.3003,1,1,165368.7311,1069537.871,1,1,1870895.227,1,26839406.05,1,1,153512.8578,3646188.3,472224.5381,1,1,338720.9802,1,366560.7927,61107.29548,81565317.92,1716206.318,3110.586158,8365822.948,1,835556.3395,1779195.612,1,1,1,1647869.492,1,1,1,11966821.64,511308.8703,378420.288,22762753.51,8647220.074,292900.5904,466565.9827,5184384.767,1,1,1,1,1,1,1,1,1,2741193.044,2921829.512,81225640.58,6717013.309,93291.87766,42956411.98,1217839.592,163566.8519,1,34899369.76,1,1,2795410.559,37531517.94,191889.6911,1,1,1,1,1467729.926,1,1,12644818.59,1,2226.425879,1,8194.698733,1,1,1,5066351.899,1,1,1,1,60251.47181,353558.2311,36329.57161,14383.32267,1,1,1,1437797.881,1,1,32473103.88,3601297.814,11203.53373,691108.1659,1,1,1,1,1,1,1,1,234101.5814,898533.6693,1,129858858.7,1,1,1,23544175.44,1,1,1572537.43,1289567.016,1,58860.61499,1,10872.00126,55363.72562,611490.4729,141019.7357,1277247.44,4763.721754,4129156.694,1,14279905.69,33804.90912,177362.5025,140781.7938,1,16727580.07,727467.9189,1,1,1,1,16156927.27,1,1,1,1,1,1,50047.37323,41233.58261,1,1,960656.2073,1,1,1,1,129675.3725,1,75141.53573,1,1,1,120103.9734,135552.751,11982.41494,1,1,2758247.404,1,117752.7776,1,1,1,1,1,114113.3105,1,1,254965.4086,1,59920.43633,53178.93989,672239.4489,72855.51203,1,1558501.133,1,1,1704211.373,11287848.54,1403548.111,1,64824.31819,35285.23771,12869599.98,1,1,1,1,1,384316.4234,1,1,1,1,1,1,40381.56371,68850.84055,1,29271.86475,1,1,1,1,1,1,1,157821.9386,1,57429.31035,1,1,1,1,1,1,1,1,1,1,5529528.966,1,60154.82677,1,788579.72,1,1,1,244168.7314,1,230145.2988,1194796.485,1,1,1,1,1,5357685.249,10850.26498,11703.4837,14653.13179,1,1,1,1,1,1,1,657058.3746,580299.9636,17471.32178,1,196056.8956,1,1,1,1,159161.7139,1,1,1,1,1,1,1,1,1,17562287.53,639013.5083,1,21148.47151,916938.888,871676.4965,1,1,1,30920.28853,121753.796,1,1,408922.3066,1,1,1,45440.82722,179555.4954,1,1,128054.9583,1,1,39275.22501,1,1188656.941,1,6323547.407,1806541.914,321245.6715,44047189.52,1,7767.616872,1,81651.33053,508895.3032,1,40903.98646,641366.5948,1,1,29923433.26,4211446.927,1,1,1,1,1,1,627153.555,1,1,1,289472.3227,1,1,1,41593.38374,1,8965200.686,1,1,1,1,1,1,1,1,1,1,2543383.506,79536952.4,2897074.61,47730.40095,1
2.5mM LG + 20uM A9-2,2.52,55,1,52832.82149,1,1,340989.2154,1,1,185689.2494,1145508.512,1,1,1727630.437,1,26987704.34,1,1,151143.6269,3983710.006,531062.7418,1,1,350972.6736,1,475679.1264,130445.0645,65282416.6,1905799.198,2220.010501,8276851.626,1,788684.7395,1939663.67,1,1,1,1610762.341,1,1,1,12429931.3,544659.7836,369097.4709,22159788.64,8936781.472,289780.738,412886.3003,4875965.924,1,1,1,1,1,1,1,1,1,2899989.104,2626270.715,79592906.02,6300642.649,100091.6441,43410115.13,1140731.184,180610.0439,1,31098651.46,1,1,2509639.546,36729588.28,196714.7611,1,1,1,1,1415273.731,1,1,11462864.66,1,3542.292398,1,4078.169472,1,1,1,5103533.88,1,1,1,1,56612.26129,301853.7709,37408.94219,43634.59713,1,1,1,1600532.874,1,1,29156328.51,3532724.173,8402.32312,569407.954,1,1,1,1,1,1,1,1,251308.5893,830412.0371,1,134474545.8,1,1,1,22973097.01,1,1,1861379.161,1390894.009,1,46928.83114,1,4389.272909,51560.86418,580095.6981,117668.2889,1460814.603,6455.293306,4427328.073,1,15145922.77,28774.88185,147598.1834,132692.0439,1,12007879.64,455823.9436,1,1,1,1,19248726.61,1,1,1,1,1,1,47106.99384,28653.63963,1,1,1085780.95,1,1,1,1,124365.089,1,64560.60317,1,1,1,88708.76945,127467.6318,16256.38607,1,1,3121667.297,1,132291.8022,1,1,1,1,1,113309.7238,1,1,262380.1492,1,67960.7544,54760.37589,628765.8072,61279.97872,1,1332563.889,1,1,1515510.299,11230531.45,1323132.577,1,56676.83611,38312.10322,12057651.48,1,1,1,1,1,316283.4205,1,1,1,1,1,1,34947.3023,78575.32892,1,35997.92072,1,1,1,1,1,1,1,162265.0758,1,44461.62465,1,1,1,1,1,1,1,1,1,1,5938214.635,1,59797.59162,1,658347.0968,1,1,1,230370.2844,1,225638.6858,1187537.234,1,1,1,1,1,5132548.587,11804.64875,14629.86479,16872.02413,1,1,1,1,1,1,1,663513.9315,548783.9979,18918.1237,1,243270.3683,1,1,1,1,151590.2308,1,1,1,1,1,1,1,1,1,15922385.77,592606.193,1,25141.53895,969488.3337,947093.1049,1,1,1,25493.61311,143656.6017,1,1,407069.841,1,1,1,78979.95729,192554.4925,1,1,99000.94576,1,1,40789.06753,1,1241440.584,1,4880606.655,1842982.099,320057.4503,44514070.06,1,11961.39075,1,74394.2936,624483.2515,1,50203.17879,195348.0726,1,1,33470005.07,4702698.449,1,1,1,1,1,1,911492.0079,1,1,1,309773.9372,1,1,1,39119.52011,1,8297548.432,1,1,1,1,1,1,1,1,1,1,2988499.607,78813035.72,2558860.495,50034.05253,1
2.5mM LG + 20uM A9-3,2.52,43.8,1,5405.387436,1,1,318449.3629,1,1,132269.1197,965236.5779,1,1,1864101.043,1,26026482.05,1,1,122236.7039,3635766.936,489640.749,1,1,326148.2367,1,253993.9772,61909.82985,59486523.47,650996.7071,2893.151726,7407018.534,1,567972.849,1474651.588,1,1,1,1259797.255,1,1,1,9184260.849,485132.6981,225863.8397,20722539.31,6410377.599,347374.5824,392496.0845,5860678.266,1,1,1,1,1,1,1,1,1,2569802.193,3045665.561,66065967.82,6245609.166,110352.472,41820078.91,1060943.325,171238.9546,1,26806536.45,1,1,2152542.389,33865988.93,152491.8184,1,1,1,1,1286795.122,1,1,11901547.06,1,4123.240079,1,2762.306414,1,1,1,3999371.403,1,1,1,1,39855.07887,227089.8163,41010.6372,40418.03422,1,1,1,1392379.362,1,1,24451630.12,2841590.564,6167.6081,748137.9708,1,1,1,1,1,1,1,1,224148.2513,899846.1383,1,112567542.7,1,1,1,21191709.15,1,1,4506816.17,2026566.678,1,17579.38597,1,7230.976614,50247.3704,665382.6116,139561.8621,1690841.238,8843.603106,3188115.098,1,12176459.43,35029.42751,149162.4334,141204.3836,1,12003141.94,325501.4162,1,1,1,1,18104162.08,1,1,1,1,1,1,33329.70955,44935.59363,1,1,886804.4189,1,1,1,1,117041.0264,1,78049.7063,1,1,1,41818.39266,130745.4431,17969.0199,1,1,2821843.548,1,124422.1026,1,1,1,1,1,116140.7982,1,1,253443.2955,1,82730.89796,69043.69321,637290.2984,75076.94148,1,786915.3964,1,1,1881066.209,12798673.36,901192.8861,1,77864.43722,18813.23829,11321296.34,1,1,1,1,1,318562.4085,1,1,1,1,1,1,44077.06976,80094.15816,1,34883.13874,1,1,1,1,1,1,1,159148.336,1,43583.77368,1,1,1,1,1,1,1,1,1,1,6770272.285,1,49807.35349,1,822199.1985,1,1,1,420726.1099,1,260338.584,73799.45375,1,1,1,1,1,4850427.806,15532.41858,17445.41597,14566.07966,1,1,1,1,1,1,1,963938.9153,929724.5359,14150.46789,1,192278.7099,1,1,1,1,140279.8606,1,1,1,1,1,1,1,1,1,36061376.46,581332.0639,1,28076.09634,986924.1365,553227.1307,1,1,1,34834.34083,129734.6944,1,1,500783.1058,1,1,1,119330.6222,309080.6451,1,1,123614.3873,1,1,51838.68086,1,1414887.007,1,6212544.108,1903480.562,244992.8436,38313077.78,1,7180.352148,1,62369.68717,441323.2204,1,38667.45609,139990.186,1,1,23536697.01,3525786.307,1,1,1,1,1,1,1219885.601,1,1,1,288541.67,1,1,1,36993.40453,1,8283714.557,1,1,1,1,1,1,1,1,1,1,3265811.342,81491746.47,2462402.032,62724.52843,1
25mM LG-1,25,45.4,1,15897.43027,1,1,307043.4505,1,1,188364.4014,1524264.722,1,1,1805960.987,1,64799857.62,1,1,208000.9345,4062390.776,669566.6104,1,1,388616.8399,1,806271.7367,78828.50437,97234608.37,2342521.993,1,8654659.615,1,617869.1936,2465209.078,1,1,1,1642323.493,1,1,1,16942247.92,698907.2203,447115.4433,22062039.58,8696255.128,369496.603,553094.5901,7304143.291,1,1,1,1,1,1,1,1,1,4418147.293,2496043.919,78015507.62,6254382.679,146592.0851,57089877.86,1062842.024,192389.0806,1,30500907.52,1,1,4264183.439,35375555.45,170180.4114,1,1,1,1,1088927.842,1,1,12537207.36,1,3669.580537,1,7752.65729,1,1,1,5088242.82,1,1,1,1,41068.78166,293510.6149,54498.04818,8310.521462,1,1,1,2132735.224,1,1,30822529.58,3385741.629,12825.89424,350391.648,1,1,1,1,1,1,1,1,636242.8746,1681332.144,1,314273584.2,1,1,1,27119259.1,1,1,1220362.149,1342582.88,1,37248.67755,1,8516.088787,41686.07974,554752.7968,158469.0612,2369011.514,17497.92674,5924608.253,1,17810187.38,33958.57649,169241.1391,109231.2041,1,24377910.39,614110.0838,1,1,1,1,14997840.63,1,1,1,1,1,1,42856.09497,9426.343023,1,1,2567029.482,1,1,1,1,167193.6234,1,93566.63136,1,1,1,92032.2412,120889.5865,24477.3878,1,1,8827656.32,1,153859.66,1,1,1,1,1,142727.3787,1,1,330966.6121,1,70532.11963,57330.24974,623126.3694,135856.1571,1,3760308.262,1,1,2329461.928,11306463.85,2730498.716,1,63616.58759,50608.21271,11439581.44,1,1,1,1,1,429645.6269,1,1,1,1,1,1,30922.49903,115297.0333,1,74467.27662,1,1,1,1,1,1,1,204278.4145,1,40245.90871,1,1,1,1,1,1,1,1,1,1,11986091.69,1,72785.47546,1,4197694.426,1,1,1,294511.8047,1,221712.7962,2407761.467,1,1,1,1,1,4793486.962,73318.63318,71045.79624,30860.51931,1,1,1,1,1,1,1,1205499.346,648595.8836,26880.90528,1,297355.7174,1,1,1,1,176487.1624,1,1,1,1,1,1,1,1,1,13063034.89,1010528.495,1,19499.5085,1106288.023,1322956.406,1,1,1,50802.26984,365202.186,1,1,471258.2909,1,1,1,1486836.449,705668.8286,1,1,113590.4757,1,1,41422.17984,1,2658489.547,1,3707639.807,2003282.324,349554.3426,47108822.81,1,12193.64037,1,196879.5278,770252.188,1,49143.51425,133244.6546,1,1,31839679.43,4799790.617,1,1,1,1,1,1,1781155.489,1,1,1,303677.1375,1,1,1,31482.0621,1,6918163.975,1,1,1,1,1,1,1,1,1,1,7402570.994,119693023.1,2623596.335,127003.7333,1
25mM LG-2,25,40.7,1,19108.17828,1,1,270810.1086,1,1,141646.9454,1144707.896,1,1,1787835.786,1,50949105.72,1,1,136562.3628,3222486.921,527428.2631,1,1,264506.3412,1,583417.2177,81019.42322,81631645.46,1659632.543,2120.538056,6647723.67,1,368103.7081,1962757.321,1,1,1,1587334.086,1,1,1,11914400.95,500410.9633,313269.0739,17431394.25,7312868.015,286976.2336,399616.7872,5485854.931,1,1,1,1,1,1,1,1,1,3237486.031,2500929.237,67879036.3,5000634.351,128415.3386,46551014.63,890681.7973,155715.14,1,25421696.82,1,1,3385462.597,28750939.91,190642.133,1,1,1,1,1049211.368,1,1,10383448.82,1,4716.761944,1,5588.579763,1,1,1,4213341.637,1,1,1,1,30425.06051,309759.5745,35147.14356,10592.42028,1,1,1,1572075.306,1,1,25624701.46,2793159.314,6309.53359,435873.4311,1,1,1,1,1,1,1,1,386293.3653,1245145.88,1,263555688.9,1,1,1,22471521.2,1,1,1086745.428,1018984.564,1,23048.72972,1,5044.674783,42013.01215,557314.3848,157890.649,1808898.254,8683.995347,4400156.508,1,13183518.08,33124.38427,128557.7334,119957.3239,1,17629253.32,690243.5927,1,1,1,1,14174346.01,1,1,1,1,1,1,32651.44263,19378.32146,1,1,2211601.515,1,1,1,1,132599.936,1,81806.59842,1,1,1,109569.9349,130198.536,21464.85669,1,1,7022872.495,1,154991.985,1,1,1,1,1,125552.9192,1,1,252399.8132,1,71577.79294,51741.38215,608690.0477,80408.19261,1,2340768.033,1,1,1552497.356,11401163.37,1957497.112,1,62622.29304,34761.98693,8970490.414,1,1,1,1,1,370852.6141,1,1,1,1,1,1,20489.91005,74358.07055,1,60567.93419,1,1,1,1,1,1,1,174498.4578,1,22174.03569,1,1,1,1,1,1,1,1,1,1,7565808.346,1,56203.32389,1,3740500.319,1,1,1,244907.1938,1,242217.6411,1631786.994,1,1,1,1,1,3867480.648,69885.68921,68496.77616,30537.46765,1,1,1,1,1,1,1,723510.2314,579246.9988,22365.71955,1,234023.3578,1,1,1,1,144856.0093,1,1,1,1,1,1,1,1,1,11216111.07,845728.7525,1,39025.37934,869795.1404,1035411.345,1,1,1,35741.62941,213570.2964,1,1,555635.1835,1,1,1,1336660.7,724736.5293,1,1,107330.6094,1,1,115792.8416,1,2306434.218,1,2947315.025,1528195.713,263089.3448,39423683.53,1,5522.333233,1,120669.0502,583020.7773,1,48817.9571,126135.5991,1,1,24453788.99,3726575.169,1,1,1,1,1,1,1612494.742,1,1,1,271968.9873,1,1,1,24905.30868,600.0744197,6264033.171,1,1,1,1,1,1,1,1,1,1,6371957.913,104486021.6,2592950.774,120202.8344,1
25mM LG-3,25,47.5,1,24257.77415,1,1,305086.3264,1,1,215912.0294,1604929.393,1,1,1742794.13,1,64047221.14,1,1,181702.1603,4222832.256,747966.2371,1,1,396200.8979,1,790394.2718,37230.82774,84550308.38,1960814.779,1,9231530.297,1,494929.2362,2667441.016,1,1,1,1844893.454,1,1,1,15807713.74,673690.0749,449094.5955,23460375.01,9162058.662,410445.0966,533051.1092,8012186.008,1,1,1,1,1,1,1,1,1,4471837.72,3191915.951,88890153.2,6339056.637,166865.3366,63315183.02,1267873.621,213029.7286,1,34511023.82,1,1,4418818.463,37058150.43,171757.5992,1,1,1,1,1370873.985,1,1,11456178.78,1,4264.300684,1,1,1,1,1,5166984.681,1,1,1,1,47853.5643,408319.8896,41533.52405,11791.90628,1,1,1,2159017.168,1,1,31802346.86,3733117.88,8156.684761,583645.9575,1,1,1,1,1,1,1,1,556690.8116,1656868.093,1,323182216.3,1,1,1,27593485.34,1,1,1219919.182,1319669.115,1,32179.03495,1,15287.26698,41634.73625,571228.2786,235013.0669,2436455.591,13228.84062,5692022.851,1,19580023.33,39215.45934,177846.2142,105930.8185,1,19487218.47,970051.7269,1,1,1,1,20711071.76,1,1,1,1,1,1,30930.33912,26240.06209,1,1,2675857.637,1,1,1,1,175052.5537,1,57531.79734,1,1,1,125759.7237,136860.3385,25121.0939,1,1,8918462.244,1,142019.9987,1,1,1,1,1,144211.4539,1,1,360771.8583,1,71825.32418,62441.97748,606776.6864,129872.57,1,4047286.748,1,1,2234181.439,12667819.99,2435148.544,1,66743.27005,55745.18271,12187056.65,1,1,1,1,1,435670.8219,1,1,1,1,1,1,31855.151,92429.03457,1,72613.22283,1,1,1,1,1,1,1,201923.9252,1,42884.70411,1,1,1,1,1,1,1,1,1,1,11226858.75,1,59116.23605,1,4414345.286,1,1,1,315900.3302,1,242030.8035,1804434.865,1,1,1,1,1,5198869.665,65389.545,64346.35669,28049.57944,1,1,1,1,1,1,1,1361677.117,712132.5053,23404.77465,1,394210.2242,1,1,1,1,179087.9946,1,1,1,1,1,1,1,1,1,14159892.12,1133575.945,1,23019.83886,1252547.259,1629425.41,1,1,1,38710.35078,300628.3174,1,1,530323.5004,1,1,1,1472778.261,968968.5845,1,1,105436.2363,1,1,46791.47574,1,3284663.869,1,3846784.517,1853458.914,352454.5747,51796916.19,1,10201.22814,1,181550.619,791300.8639,1,39426.93295,147970.1482,1,1,33962000.56,5258937.585,1,1,1,1,1,1,3083904.411,1,1,1,343883.731,1,1,1,25586.83007,1,6528927.624,1,1,1,1,1,1,1,1,1,1,10152914.81,129463744.8,3276144.195,138818.6464,1
